{
  "description": "LPA 유형 분류용 중심값 (T점수)",
  "school": "elementary",
  "factorsOrder": [
    "자아존중감",
    "자기효능감",
    "성장마인드셋",
    "자기정서인식",
    "자기정서조절",
    "타인정서인식",
    "타인공감능력",
    "계획능력",
    "점검능력",
    "조절능력",
    "공부환경",
    "시간관리",
    "수업태도",
    "노트하기",
    "시험준비",
    "부모의사소통",
    "부모학업지지",
    "친구정서지지",
    "교사정서지지",
    "활기",
    "몰두",
    "의미감",
    "자율성",
    "유능성",
    "관계성",
    "성적부담",
    "공부부담",
    "수업부담",
    "스마트폰의존",
    "게임과몰입",
    "부모성적압력",
    "부모공부부담",
    "친구공부비교",
    "교사성적압력",
    "교사수업부담",
    "고갈",
    "무능감",
    "반감냉소"
  ],
  "factorsCount": 38,
  "types": {
    "자원소진형": {
      "prior": 0.30552,
      "means": [
        38.14,
        37.9,
        37.23,
        41.69,
        42.93,
        43.9,
        41.06,
        45.1,
        44.32,
        44.49,
        45.41,
        46.2,
        41.72,
        45.68,
        49.34,
        42.81,
        42.46,
        42.5,
        43.11,
        52.71,
        52.01,
        58.82,
        53.31,
        59.82,
        58.07,
        56.97,
        60.13,
        63.02,
        57.45,
        41.53,
        49.96,
        44.27,
        42.98,
        35.82,
        38.66,
        56.18,
        58.68,
        57.1
      ]
    },
    "안전균형형": {
      "prior": 0.35469,
      "means": [
        50.71,
        50.66,
        51.01,
        50.36,
        50.52,
        50.43,
        50.55,
        49.32,
        49.15,
        49.8,
        49.0,
        48.96,
        51.22,
        49.25,
        49.42,
        51.6,
        51.99,
        52.04,
        51.17,
        49.62,
        49.38,
        47.07,
        49.12,
        46.76,
        47.83,
        49.25,
        47.61,
        45.86,
        48.69,
        50.53,
        48.71,
        49.64,
        50.07,
        51.51,
        50.92,
        49.57,
        47.53,
        48.6
      ]
    },
    "몰입자원풍부형": {
      "prior": 0.33979,
      "means": [
        61.76,
        62.04,
        62.64,
        58.35,
        56.81,
        55.81,
        59.21,
        56.13,
        57.27,
        56.27,
        56.33,
        55.43,
        57.61,
        55.72,
        51.39,
        56.02,
        55.92,
        55.62,
        56.24,
        48.14,
        49.14,
        43.42,
        47.72,
        42.82,
        43.53,
        43.22,
        41.76,
        40.18,
        43.14,
        58.91,
        51.63,
        56.74,
        57.42,
        63.93,
        61.22,
        43.7,
        42.81,
        43.44
      ]
    }
  },
  "classificationMethod": {
    "step1": "Log-Likelihood 계산 (학생 38개 T점수 vs 각 유형 38개 중심값)",
    "step2": "사전확률(prior) 반영 (Bayesian)",
    "step3": "Log-Sum-Exp 정규화 → 확률%",
    "step4": "최고 확률 유형 = 분류 결과",
    "variance": 100
  }
}