{
  "description": "T점수 계산용 기준 데이터 (초등)",
  "school": "elementary",
  "formula": "T = ((학생변인평균 - 기준M) / 기준SD) × 10 + 50",
  "depth2_중분류": {
    "긍정적 자아": {
      "M": 4.142640075973416,
      "SD": 0.7775996714764788
    },
    "대인관계능력": {
      "M": 3.857763532763534,
      "SD": 0.7389065142978654
    },
    "메타인지": {
      "M": 3.2668566001899335,
      "SD": 0.8478516923323908
    },
    "학습기술": {
      "M": 3.368945868945866,
      "SD": 0.7472288543179991
    },
    "지지적 관계": {
      "M": 3.913960113960118,
      "SD": 0.7478913700869404
    },
    "학업스트레스": {
      "M": 2.230959164292497,
      "SD": 0.937439133894094
    },
    "학습 방해물": {
      "M": 2.263817663817665,
      "SD": 1.0119206974358328
    },
    "학업관계 스트레스": {
      "M": 2.1389173789173768,
      "SD": 0.9134247184829105
    },
    "학업열의": {
      "M": 3.526495726495723,
      "SD": 0.8534728328195809
    },
    "성장력": {
      "M": 3.9443494776828154,
      "SD": 0.7684570008232016
    },
    "학업소진": {
      "M": 2.490408357075022,
      "SD": 0.9017323955431843
    }
  },
  "depth3_변인": {
    "자아존중감": {
      "M": 4.1042735042735075,
      "SD": 0.9128452773662082,
      "parent": "긍정적 자아"
    },
    "자기효능감": {
      "M": 3.977207977207977,
      "SD": 0.9090347462839224,
      "parent": "긍정적 자아"
    },
    "성장마인드셋": {
      "M": 4.346438746438749,
      "SD": 0.8287655320848856,
      "parent": "긍정적 자아"
    },
    "자기정서인식": {
      "M": 4.035897435897441,
      "SD": 0.982941972330739,
      "parent": "대인관계능력"
    },
    "자기정서조절": {
      "M": 3.5794871794871805,
      "SD": 1.0209920541397746,
      "parent": "대인관계능력"
    },
    "타인정서인식": {
      "M": 3.850427350427354,
      "SD": 1.0112063807433935,
      "parent": "대인관계능력"
    },
    "타인공감능력": {
      "M": 3.965242165242162,
      "SD": 0.8735326156699232,
      "parent": "대인관계능력"
    },
    "계획능력": {
      "M": 3.2022792022792026,
      "SD": 1.087633951369373,
      "parent": "메타인지"
    },
    "점검능력": {
      "M": 3.1823361823361793,
      "SD": 1.0539984448011843,
      "parent": "메타인지"
    },
    "조절능력": {
      "M": 3.4159544159544115,
      "SD": 0.9680060620277597,
      "parent": "메타인지"
    },
    "공부환경": {
      "M": 3.27863247863248,
      "SD": 1.0508608989614963,
      "parent": "학습기술"
    },
    "시간관리": {
      "M": 2.8746438746438736,
      "SD": 1.126955003266905,
      "parent": "학습기술"
    },
    "수업태도": {
      "M": 4.026780626780626,
      "SD": 0.8893527065289322,
      "parent": "학습기술"
    },
    "노트하기": {
      "M": 3.286039886039884,
      "SD": 1.0851516117466697,
      "parent": "학습기술"
    },
    "시험준비": {
      "M": 3.3762376237623766,
      "SD": 0.9673079205906686,
      "parent": "학습기술"
    },
    "부모 의사소통": {
      "M": 3.920227920227922,
      "SD": 0.9703064571146406,
      "parent": "지지적 관계"
    },
    "부모 학업지지": {
      "M": 3.864957264957266,
      "SD": 1.0008543359097781,
      "parent": "지지적 관계"
    },
    "친구 정서지지": {
      "M": 3.8159544159544145,
      "SD": 1.0352114899713802,
      "parent": "지지적 관계"
    },
    "교사 정서지지": {
      "M": 4.054700854700859,
      "SD": 0.9958290254053813,
      "parent": "지지적 관계"
    },
    "성적부담": {
      "M": 2.1754985754985743,
      "SD": 1.1387594484684989,
      "parent": "학업스트레스"
    },
    "공부부담": {
      "M": 2.476923076923078,
      "SD": 1.1286572680232685,
      "parent": "학업스트레스"
    },
    "수업부담": {
      "M": 2.040455840455839,
      "SD": 0.9831517232246242,
      "parent": "학업스트레스"
    },
    "스마트폰 의존": {
      "M": 2.6,
      "SD": 1.2262663134642862,
      "parent": "학습 방해물"
    },
    "게임 과몰입": {
      "M": 1.927635327635326,
      "SD": 0.9882711196344607,
      "parent": "학습 방해물"
    },
    "부모 성적압력": {
      "M": 2.2541310541310544,
      "SD": 1.270492049358587,
      "parent": "학업관계 스트레스"
    },
    "부모 공부부담": {
      "M": 2.341880341880341,
      "SD": 1.1902872548152104,
      "parent": "학업관계 스트레스"
    },
    "친구 공부비교": {
      "M": 2.1737891737891735,
      "SD": 1.216951466790432,
      "parent": "학업관계 스트레스"
    },
    "교사 성적압력": {
      "M": 1.6490028490028485,
      "SD": 0.9654768761371987,
      "parent": "학업관계 스트레스"
    },
    "교사 수업부담": {
      "M": 2.2757834757834745,
      "SD": 1.1264735312733771,
      "parent": "학업관계 스트레스"
    },
    "활기": {
      "M": 3.386324786324783,
      "SD": 1.0270518484263813,
      "parent": "학업열의"
    },
    "몰두": {
      "M": 3.348717948717949,
      "SD": 0.977267671432676,
      "parent": "학업열의"
    },
    "의미감": {
      "M": 3.8444444444444485,
      "SD": 0.9686485745009907,
      "parent": "학업열의"
    },
    "자율성": {
      "M": 3.77264957264957,
      "SD": 0.9144183239045346,
      "parent": "성장력"
    },
    "유능성": {
      "M": 3.9527065527065535,
      "SD": 0.9354371197206579,
      "parent": "성장력"
    },
    "관계성": {
      "M": 4.107692307692304,
      "SD": 0.9017506292766153,
      "parent": "성장력"
    },
    "고갈": {
      "M": 2.7698005698005703,
      "SD": 1.0387285770647392,
      "parent": "학업소진"
    },
    "무능감": {
      "M": 2.0188034188034187,
      "SD": 1.1030553304057513,
      "parent": "학업소진"
    },
    "반감-냉소": {
      "M": 2.682621082621083,
      "SD": 1.205853606493328,
      "parent": "학업소진"
    }
  },
  "hierarchy": {
    "긍정적 자아": [
      "자아존중감",
      "자기효능감",
      "성장마인드셋"
    ],
    "대인관계능력": [
      "자기정서인식",
      "자기정서조절",
      "타인정서인식",
      "타인공감능력"
    ],
    "메타인지": [
      "계획능력",
      "점검능력",
      "조절능력"
    ],
    "학습기술": [
      "공부환경",
      "시간관리",
      "수업태도",
      "노트하기",
      "시험준비"
    ],
    "지지적 관계": [
      "부모 의사소통",
      "부모 학업지지",
      "친구 정서지지",
      "교사 정서지지"
    ],
    "학업열의": [
      "활기",
      "몰두",
      "의미감"
    ],
    "성장력": [
      "자율성",
      "유능성",
      "관계성"
    ],
    "학업스트레스": [
      "성적부담",
      "공부부담",
      "수업부담"
    ],
    "학업관계 스트레스": [
      "부모 성적압력",
      "부모 공부부담",
      "친구 공부비교",
      "교사 성적압력",
      "교사 수업부담"
    ],
    "학습 방해물": [
      "스마트폰 의존",
      "게임 과몰입"
    ],
    "학업소진": [
      "고갈",
      "무능감",
      "반감-냉소"
    ]
  }
}